Workbook

Sheet 신랑부모님 하객
D1: @becuzloveu
C2: 신랑 부모님 하객 축의금 정리
G3: 성인,어린이 수량 적으면 자동적으로 식권수량 올라갑니다
C4: No | D4: 성함 | E4: 관계 | F4: 식권수량 | G4: 참석인원 | I4: 축의금 | K4: No | L4: 성함 | M4: 관계 | N4: 식권수량 | O4: 참석인원 | Q4: 축의금 | T4: 축의금 | U4: 금액합계
G5: 성인 | H5: 어린이 | I5: 계좌 | J5: 현금 | O5: 성인 | P5: 어린이 | Q5: 계좌 | R5: 현금 | T5: 계좌 | U5: =I106+Q106
C6: 1 | D6: 김무개 | E6: 지인 | F6: =G6+H6 | G6: 1 | I6: 50000 | K6: 101 | L6: 랄랄라 | M6: 친척 | N6: =O6+P6 | O6: 2 | P6: 2 | R6: 50000 | T6: 현금 | U6: =J106+R106
C7: 2 | D7: 이무개 | E7: 친구 | F7: =G7+H7 | G7: 2 | H7: 1 | J7: 200000 | K7: 102 | N7: =O7+P7 | T7: 합계 | U7: =SUM(U5:U6)
C8: 3 | F8: =G8+H8 | G8: 1 | H8: 1 | J8: 100000 | K8: 103 | N8: =O8+P8
C9: 4 | F9: =G9+H9 | G9: 2 | H9: 3 | K9: 104 | N9: =O9+P9 | T9: 참석인원 | U9: 수량
C10: 5 | F10: =G10+H10 | G10: 1 | H10: 1 | J10: 20000 | K10: 105 | N10: =O10+P10 | T10: 성인 | U10: =G106+O106
C11: 6 | F11: =G11+H11 | K11: 106 | N11: =O11+P11 | T11: 어린이 | U11: =H106+P106
C12: 7 | F12: =G12+H12 | K12: 107 | N12: =O12+P12 | T12: 총식권수 | U12: =F106+N106
C13: 8 | D13: 이땡땡 | E13: 친구 | F13: =G13+H13 | G13: 2 | J13: 20000 | K13: 108 | N13: =O13+P13
C14: 9 | F14: =G14+H14 | K14: 109 | N14: =O14+P14
C15: 10 | F15: =G15+H15 | K15: 110 | N15: =O15+P15
C16: 11 | F16: =G16+H16 | K16: 111 | N16: =O16+P16
C17: 12 | F17: =G17+H17 | K17: 112 | N17: =O17+P17
C18: 13 | F18: =G18+H18 | K18: 113 | N18: =O18+P18
C19: 14 | F19: =G19+H19 | K19: 114 | N19: =O19+P19
C20: 15 | F20: =G20+H20 | K20: 115 | N20: =O20+P20
C21: 16 | F21: =G21+H21 | K21: 116 | N21: =O21+P21
C22: 17 | F22: =G22+H22 | K22: 117 | N22: =O22+P22
C23: 18 | F23: =G23+H23 | K23: 118 | N23: =O23+P23
C24: 19 | F24: =G24+H24 | K24: 119 | N24: =O24+P24
C25: 20 | F25: =G25+H25 | K25: 120 | N25: =O25+P25
... C105: 100 | F105: =G105+H105 | K105: 200 | N105: =O105+P105
C106: 합계 | F106: =SUM(F6:F105) | G106: =SUM(G6:G105) | H106: =SUM(H6:H105) | I106: =SUM(I6:I105) | J106: =SUM(J6:J105) | K106: 합계 | N106: =SUM(N6:N105) | O106: =SUM(O6:O105) | P106: =SUM(P6:P105) | Q106: =SUM(Q6:Q105) | R106: =SUM(R6:R105)

Sheet 신부부모님 하객
D1: @becuzloveu
C2: 신부 부모님 하객 축의금 정리
G3: 성인,어린이 수량 적으면 자동적으로 식권수량 올라갑니다
C4: No | D4: 성함 | E4: 관계 | F4: 식권수량 | G4: 참석인원 | I4: 축의금 | K4: No | L4: 성함 | M4: 관계 | N4: 식권수량 | O4: 참석인원 | Q4: 축의금 | T4: 축의금 | U4: 금액합계
G5: 성인 | H5: 어린이 | I5: 계좌 | J5: 현금 | O5: 성인 | P5: 어린이 | Q5: 계좌 | R5: 현금 | T5: 계좌 | U5: =I106+Q106
C6: 1 | D6: 문무개 | E6: 친척 | F6: =G6+H6 | G6: 1 | H6: 2 | I6: 10000 | K6: 101 | L6: 이신부 | M6: 친구 | N6: =O6+P6 | O6: 3 | P6: 1 | R6: 50000 | T6: 현금 | U6: =J106+R106
C7: 2 | D7: 이무개 | E7: 친구 | F7: =G7+H7 | G7: 2 | H7: 1 | J7: 200000 | K7: 102 | N7: =O7+P7 | T7: 합계 | U7: =SUM(U5:U6)
C8: 3 | F8: =G8+H8 | G8: 1 | H8: 1 | J8: 100000 | K8: 103 | N8: =O8+P8
C9: 4 | F9: =G9+H9 | G9: 2 | H9: 3 | K9: 104 | N9: =O9+P9 | T9: 참석인원 | U9: 수량
C10: 5 | F10: =G10+H10 | K10: 105 | N10: =O10+P10 | T10: 성인 | U10: =G106+O106
C11: 6 | F11: =G11+H11 | K11: 106 | N11: =O11+P11 | T11: 어린이 | U11: =H106+P106
C12: 7 | F12: =G12+H12 | K12: 107 | N12: =O12+P12 | T12: 총식권수 | U12: =F106+N106
C13: 8 | F13: =G13+H13 | K13: 108 | N13: =O13+P13
C14: 9 | F14: =G14+H14 | K14: 109 | N14: =O14+P14
C15: 10 | F15: =G15+H15 | K15: 110 | N15: =O15+P15
C16: 11 | F16: =G16+H16 | K16: 111 | N16: =O16+P16
C17: 12 | F17: =G17+H17 | K17: 112 | N17: =O17+P17
C18: 13 | F18: =G18+H18 | K18: 113 | N18: =O18+P18
C19: 14 | F19: =G19+H19 | K19: 114 | N19: =O19+P19
C20: 15 | F20: =G20+H20 | K20: 115 | N20: =O20+P20
C21: 16 | F21: =G21+H21 | K21: 116 | N21: =O21+P21
C22: 17 | F22: =G22+H22 | K22: 117 | N22: =O22+P22
C23: 18 | F23: =G23+H23 | K23: 118 | N23: =O23+P23
C24: 19 | F24: =G24+H24 | K24: 119 | N24: =O24+P24
... C105: 100 | F105: =G105+H105 | K105: 200 | N105: =O105+P105
C106: 합계 | F106: =SUM(F6:F105) | G106: =SUM(G6:G105) | H106: =SUM(H6:H105) | I106: =SUM(I6:I105) | J106: =SUM(J6:J105) | K106: 합계 | N106: =SUM(N6:N105) | O106: =SUM(O6:O105) | P106: =SUM(P6:P105) | Q106: =SUM(Q6:Q105) | R106: =SUM(R6:R105)

Sheet 신랑하객
D1: @becuzloveu
C2: 신랑 하객 축의금 정리
G3: 성인,어린이 수량 적으면 자동적으로 식권수량 올라갑니다
C4: No | D4: 성함 | E4: 관계 | F4: 식권수량 | G4: 참석인원 | I4: 축의금 | K4: No | L4: 성함 | M4: 관계 | N4: 식권수량 | O4: 참석인원 | Q4: 축의금 | T4: 축의금 | U4: 금액합계
G5: 성인 | H5: 어린이 | I5: 계좌 | J5: 현금 | O5: 성인 | P5: 어린이 | Q5: 계좌 | R5: 현금 | T5: 계좌 | U5: =I106+Q106
C6: 1 | D6: 김무개 | E6: 지인 | F6: =G6+H6 | G6: 1 | I6: 50000 | K6: 101 | L6: 랄랄라 | M6: 친척 | N6: =O6+P6 | O6: 2 | P6: 2 | R6: 50000 | T6: 현금 | U6: =J106+R106
C7: 2 | D7: 이무개 | E7: 친구 | F7: =G7+H7 | G7: 2 | H7: 1 | J7: 200000 | K7: 102 | N7: =O7+P7 | T7: 합계 | U7: =SUM(U5:U6)
C8: 3 | F8: =G8+H8 | G8: 4 | H8: 1 | J8: 100000 | K8: 103 | N8: =O8+P8
C9: 4 | F9: =G9+H9 | G9: 5 | H9: 3 | K9: 104 | N9: =O9+P9 | T9: 참석인원 | U9: 수량
C10: 5 | F10: =G10+H10 | K10: 105 | N10: =O10+P10 | T10: 성인 | U10: =G106+O106
C11: 6 | F11: =G11+H11 | K11: 106 | N11: =O11+P11 | T11: 어린이 | U11: =H106+P106
C12: 7 | F12: =G12+H12 | K12: 107 | N12: =O12+P12 | T12: 총식권수 | U12: =F106+N106
C13: 8 | F13: =G13+H13 | K13: 108 | N13: =O13+P13
C14: 9 | F14: =G14+H14 | K14: 109 | N14: =O14+P14
C15: 10 | F15: =G15+H15 | K15: 110 | N15: =O15+P15
C16: 11 | F16: =G16+H16 | K16: 111 | N16: =O16+P16
C17: 12 | F17: =G17+H17 | K17: 112 | N17: =O17+P17
C18: 13 | F18: =G18+H18 | K18: 113 | N18: =O18+P18
C19: 14 | F19: =G19+H19 | K19: 114 | N19: =O19+P19
C20: 15 | F20: =G20+H20 | K20: 115 | N20: =O20+P20
C21: 16 | F21: =G21+H21 | K21: 116 | N21: =O21+P21
C22: 17 | F22: =G22+H22 | K22: 117 | N22: =O22+P22
C23: 18 | F23: =G23+H23 | K23: 118 | N23: =O23+P23
C24: 19 | F24: =G24+H24 | K24: 119 | N24: =O24+P24
... C105: 100 | F105: =G105+H105 | K105: 200 | N105: =O105+P105
C106: 합계 | F106: =SUM(F6:F105) | G106: =SUM(G6:G105) | H106: =SUM(H6:H105) | I106: =SUM(I6:I105) | J106: =SUM(J6:J105) | K106: 합계 | N106: =SUM(N6:N105) | O106: =SUM(O6:O105) | P106: =SUM(P6:P105) | Q106: =SUM(Q6:Q105) | R106: =SUM(R6:R105)

Sheet 신부하객
D1: @becuzloveu
C2: 신부 하객 축의금 정리
G3: 성인,어린이 수량 적으면 자동적으로 식권수량 올라갑니다
C4: No | D4: 성함 | E4: 관계 | F4: 식권수량 | G4: 참석인원 | I4: 축의금 | L4: No | M4: 성함 | N4: 관계 | O4: 식권수량 | P4: 참석인원 | R4: 축의금 | V4: 축의금 | W4: 금액합계
G5: 성인 | H5: 어린이 | I5: 계좌 | J5: 현금 | K5: 가방순이 | P5: 성인 | Q5: 어린이 | R5: 계좌 | S5: 현금 | T5: 가방순이 | V5: 계좌 | W5: =I106+R106
C6: 1 | D6: 김무개 | E6: 지인 | F6: =G6+H6 | G6: 1 | I6: 50000 | L6: 101 | M6: 랄랄라 | N6: 친척 | O6: =P6+Q6 | P6: 2 | Q6: 2 | S6: 50000 | V6: 현금 | W6: =J106+S106
C7: 2 | D7: 이무개 | E7: 친구 | F7: =G7+H7 | G7: 2 | H7: 1 | J7: 200000 | L7: 102 | M7: 김순이 | N7: 친구 | O7: =P7+Q7 | P7: 1 | T7: 10000 | V7: 가방순이 | W7: =K106+T106
C8: 3 | F8: =G8+H8 | G8: 1 | H8: 1 | J8: 100000 | L8: 103 | O8: =P8+Q8 | V8: 합계 | W8: =SUM(W5:W7)
C9: 4 | F9: =G9+H9 | G9: 2 | H9: 3 | L9: 104 | O9: =P9+Q9
C10: 5 | F10: =G10+H10 | L10: 105 | O10: =P10+Q10 | V10: 참석인원 | W10: 수량
C11: 6 | F11: =G11+H11 | L11: 106 | O11: =P11+Q11 | V11: 성인 | W11: =G106+P106
C12: 7 | F12: =G12+H12 | L12: 107 | O12: =P12+Q12 | V12: 어린이 | W12: =H106+Q106
C13: 8 | F13: =G13+H13 | L13: 108 | O13: =P13+Q13 | V13: 총식권수 | W13: =F106+O106
C14: 9 | F14: =G14+H14 | L14: 109 | O14: =P14+Q14
C15: 10 | F15: =G15+H15 | L15: 110 | O15: =P15+Q15
C16: 11 | F16: =G16+H16 | L16: 111 | O16: =P16+Q16
C17: 12 | F17: =G17+H17 | L17: 112 | O17: =P17+Q17
C18: 13 | F18: =G18+H18 | L18: 113 | O18: =P18+Q18
C19: 14 | F19: =G19+H19 | L19: 114 | O19: =P19+Q19
C20: 15 | F20: =G20+H20 | L20: 115 | O20: =P20+Q20
C21: 16 | F21: =G21+H21 | L21: 116 | O21: =P21+Q21
C22: 17 | F22: =G22+H22 | L22: 117 | O22: =P22+Q22
C23: 18 | F23: =G23+H23 | L23: 118 | O23: =P23+Q23
C24: 19 | F24: =G24+H24 | L24: 119 | O24: =P24+Q24
C25: 20 | F25: =G25+H25 | L25: 120 | O25: =P25+Q25
... C105: 100 | F105: =G105+H105 | L105: 200 | O105: =P105+Q105
C106: 합계 | F106: =SUM(F6:F105) | G106: =SUM(G6:G105) | H106: =SUM(H6:H105) | I106: =SUM(I6:I105) | J106: =SUM(J6:J105) | K106: =SUM(K6:K105) | L106: 합계 | O106: =SUM(O6:O105) | P106: =SUM(P6:P105) | Q106: =SUM(Q6:Q105) | R106: =SUM(R6:R105) | S106: =SUM(S6:S105) | T106: =SUM(T6:T105)

Sheet 축의금,식권 정산(자동시트)
C2: @becuzloveu
B3: 참석인원
B4: 구분 | C4: 신랑부모님 | D4: 신부부모님 | E4: 신랑 | F4: 신부
B5: 성인 | C5: ='신랑부모님 하객'!U10 | D5: ='신부부모님 하객'!U10 | E5: ='신랑하객'!U10 | F5: ='신부하객'!W11
B6: 어린이 | C6: ='신랑부모님 하객'!U11 | D6: ='신부부모님 하객'!U11 | E6: ='신랑하객'!U11 | F6: ='신부하객'!W12
B7: 합계 | C7: =C5+C6 | D7: =D5+D6 | E7: =E5+E6 | F7: =F5+F6
B9: 식권 | E9: 축의금 계산
B10: 총식권수 | C10: 350 | D10: <-직접숫자입력 | E10: 신랑 부모님 축의금 | G10: 신부 부모님 축의금 | I10: 신랑 축의금 | K10: 신부 축의금
B11: 신랑부모님 | C11: =C7 | E11: 계좌 | F11: ='신랑부모님 하객'!U5 | G11: 계좌 | H11: ='신부부모님 하객'!U5 | I11: 계좌 | J11: ='신랑하객'!U5 | K11: 계좌 | L11: ='신부하객'!W5
B12: 신부부모님 | C12: =D7 | E12: 현금 | F12: ='신랑부모님 하객'!U6 | G12: 현금 | H12: ='신부부모님 하객'!U6 | I12: 현금 | J12: ='신랑하객'!U6 | K12: 현금 | L12: ='신부하객'!W6
B13: 신랑 | C13: =E7 | E13: 기타 | G13: 기타 | I13: 기타 | K13: 가방순이 | L13: ='신부하객'!W7
B14: 신부 | C14: =F7 | E14: 합계 | F14: =SUM(F11:F13) | G14: 합계 | H14: =SUM(H11:H13) | I14: 합계 | J14: =SUM(J11:J13) | K14: 합계 | L14: =SUM(L11:L13)
B15: 합계 | C15: =SUM(C11:C14) | E15: 축의금 총합계금액
B16: 남은 식권 | C16: =C10-C15 | E16: SUM | K16: =F14+H14+J14+L14

Sheet 축의대내용정리
B3: @becuzloveu
B5: 축의대 내용정리
J9: Q )축의대는 보통 누가 맡나요??
J10: **보통 친인척 또는 가까운 지인한테 맡기기
J11: 저는 위에서 말했던 것처럼 사촌오빠, 사촌동생한테 부탁했습니다! (친가족들은 사진찍고 해야되는 부분이 많아서 자리를 종종 비어야 되서 사촌분한테 부탁드렷어요~)
J12: 돈이 오고가는 자리인 만큼, 믿을 수 있는 사람에게 맡겨야해요 ( MONEY.. 중요하자나요)
J13: 축의대를 맡으면 예식을 못보고 사진 촬영이 어려울 수도 있으니 이러한점은 미리 고려해서 부탁해야해요
J14: - 보통 축의대는 2명 이상이 역할을 나누어서 맡아서 진행해요
J16: Q) 그럼 2명이상 축의대 역할을 어떤식으로 나누나요??
J17: 1) 방명록 & 식권담당
J18: 먼저 한명은 방명록 담당으로 진행하는게 좋아요! 축의금 봉투를 받으면, 방명록을 작성을 하고 -> 작성된 이름을 확인하고 -> 축의금 접수 -> 식권이 필요한 하객에게 수량만큼 배분(전달)
J20: 2) 장부 & 축의금 관리
J21: 실제 축의금을 방명록과 하나하나 대조하면서 기록하며
J22: 중요한 축의금 봉투를 정리해서 보관해야해요!!
... J35: 7)축의금 보관
E36: 축의금 봉투 받기 -> 방명록에 이름 작성 안내 -> 봉투 확인뒤 식권 전달 (저희는 식권 X) -> 봉투에 금액과 넘버링 기록, 식권 개수 확인 -> 장부에 위 내용 기록 -> 가방에 보관 ( 절대 몸에서 떨어지지 않게 보관하기 ) -> 위 내용 금액 확인후 정산
J39: 축의대 담당자 공통 역할
J40: 1) 결혼식 당일, 예식 1시간반~1시간전까지는 미리 도착해서 준비! (식권과 축의대 준비물 수령하기)
J42: 2) 축의대 이용시간, 식권 추가 수령 방법,
J43: 웨딩홀 부대시설 안내상항 설명 숙지하기
J44: ** ATM기 어디있어요?
J45: ** 주차권 어디서 받아요?
J46: ** 주차 몇시간 무료인가요?
J47: ** 식사는 어디서 하나요??
J48: ** 식사는 언제부터 가능한가요?
J49: ** 답례품은 따로 있나요?
J50: - 저는 이전에 다른분 결혼식장을 갔는데 ATM기가 아무리 찾아도 없는거에요.. 축의하시는분 한테도 물어봤는데 모른다고 하셔서 당황했던 기억이 있어요! 미리 노티드리면 너무 좋아요 : )
J51: - 주차관련해서는 저희는 무료주차여서 상관이없었는데 아니신 분들은 정확하게 시간이나 관련 내용 프린트 해가는것도 좋은거같아요!
... J63: • 신랑 신부 축의대 다시봉투 요구 > 상관없다고 말씀드리기!
